{
  "task": {
    "precision": 1.0,
    "recall": 0.9984177215189873,
    "f1-score": 0.9992082343626286,
    "support": 632,
    "confused_with": {}
  },
  "PERSON": {
    "precision": 1.0,
    "recall": 1.0,
    "f1-score": 1.0,
    "support": 28,
    "confused_with": {}
  },
  "purpose": {
    "precision": 0.9912490055688147,
    "recall": 0.9968,
    "f1-score": 0.9940167530913443,
    "support": 1250,
    "confused_with": {}
  },
  "category": {
    "precision": 1.0,
    "recall": 1.0,
    "f1-score": 1.0,
    "support": 58,
    "confused_with": {}
  },
  "micro avg": {
    "precision": 0.9944275582573455,
    "recall": 0.9974593495934959,
    "f1-score": 0.9959411466260781,
    "support": 1968
  },
  "macro avg": {
    "precision": 0.9978122513922036,
    "recall": 0.9988044303797469,
    "f1-score": 0.9983062468634932,
    "support": 1968
  },
  "weighted avg": {
    "precision": 0.9944416956102736,
    "recall": 0.9974593495934959,
    "f1-score": 0.9959453991267082,
    "support": 1968
  }
}