{
  "PERSON": {
    "precision": 1.0,
    "recall": 1.0,
    "f1-score": 1.0,
    "support": 28,
    "confused_with": {}
  },
  "task": {
    "precision": 1.0,
    "recall": 0.9988610478359908,
    "f1-score": 0.9994301994301994,
    "support": 878,
    "confused_with": {}
  },
  "purpose": {
    "precision": 0.9909706546275395,
    "recall": 0.9962178517397882,
    "f1-score": 0.9935873255375329,
    "support": 1322,
    "confused_with": {}
  },
  "category": {
    "precision": 1.0,
    "recall": 1.0,
    "f1-score": 1.0,
    "support": 68,
    "confused_with": {}
  },
  "micro avg": {
    "precision": 0.9947871416159861,
    "recall": 0.9973867595818815,
    "f1-score": 0.9960852544584602,
    "support": 2296
  },
  "macro avg": {
    "precision": 0.9977426636568849,
    "recall": 0.9987697248939448,
    "f1-score": 0.9982543812419331,
    "support": 2296
  },
  "weighted avg": {
    "precision": 0.9948010476557523,
    "recall": 0.9973867595818815,
    "f1-score": 0.9960897907057202,
    "support": 2296
  }
}