{
  "PERSON": {
    "precision": 1.0,
    "recall": 1.0,
    "f1-score": 1.0,
    "support": 28,
    "confused_with": {}
  },
  "category": {
    "precision": 1.0,
    "recall": 1.0,
    "f1-score": 1.0,
    "support": 58,
    "confused_with": {}
  },
  "task": {
    "precision": 1.0,
    "recall": 0.9984177215189873,
    "f1-score": 0.9992082343626286,
    "support": 632,
    "confused_with": {}
  },
  "purpose": {
    "precision": 0.9865771812080537,
    "recall": 0.9832775919732442,
    "f1-score": 0.9849246231155778,
    "support": 299,
    "confused_with": {}
  },
  "micro avg": {
    "precision": 0.9960591133004926,
    "recall": 0.9941002949852508,
    "f1-score": 0.9950787401574803,
    "support": 1017
  },
  "macro avg": {
    "precision": 0.9966442953020134,
    "recall": 0.9954238283730579,
    "f1-score": 0.9960332143695516,
    "support": 1017
  },
  "weighted avg": {
    "precision": 0.9960536648782774,
    "recall": 0.9941002949852508,
    "f1-score": 0.99507577819935,
    "support": 1017
  }
}