{
  "purpose": {
    "precision": 0.9881744271988174,
    "recall": 0.9970171513795675,
    "f1-score": 0.9925760950259837,
    "support": 1341,
    "confused_with": {}
  },
  "task": {
    "precision": 1.0,
    "recall": 0.9989094874591058,
    "f1-score": 0.9994544462629569,
    "support": 917,
    "confused_with": {}
  },
  "PERSON": {
    "precision": 1.0,
    "recall": 1.0,
    "f1-score": 1.0,
    "support": 30,
    "confused_with": {}
  },
  "category": {
    "precision": 1.0,
    "recall": 1.0,
    "f1-score": 1.0,
    "support": 78,
    "confused_with": {}
  },
  "micro avg": {
    "precision": 0.9932688262515776,
    "recall": 0.9978867286559594,
    "f1-score": 0.9955724225173941,
    "support": 2366
  },
  "macro avg": {
    "precision": 0.9970436067997044,
    "recall": 0.9989816597096683,
    "f1-score": 0.9980076353222351,
    "support": 2366
  },
  "weighted avg": {
    "precision": 0.9932975092449764,
    "recall": 0.9978867286559594,
    "f1-score": 0.9955808413579779,
    "support": 2366
  }
}