{
  "task": {
    "precision": 1.0,
    "recall": 0.9984177215189873,
    "f1-score": 0.9992082343626286,
    "support": 632,
    "confused_with": {}
  },
  "purpose": {
    "precision": 0.9913860610806577,
    "recall": 0.9968503937007874,
    "f1-score": 0.9941107184923439,
    "support": 1270,
    "confused_with": {}
  },
  "category": {
    "precision": 1.0,
    "recall": 1.0,
    "f1-score": 1.0,
    "support": 58,
    "confused_with": {}
  },
  "PERSON": {
    "precision": 1.0,
    "recall": 1.0,
    "f1-score": 1.0,
    "support": 28,
    "confused_with": {}
  },
  "micro avg": {
    "precision": 0.9944834503510531,
    "recall": 0.9974849094567404,
    "f1-score": 0.9959819186338523,
    "support": 1988
  },
  "macro avg": {
    "precision": 0.9978465152701644,
    "recall": 0.9988170288049437,
    "f1-score": 0.9983297382137432,
    "support": 1988
  },
  "weighted avg": {
    "precision": 0.9944971315756717,
    "recall": 0.9974849094567404,
    "f1-score": 0.9959860244479166,
    "support": 1988
  }
}