{
  "purpose": {
    "precision": 0.9917293233082707,
    "recall": 0.9954716981132076,
    "f1-score": 0.9935969868173259,
    "support": 1325,
    "confused_with": {}
  },
  "PERSON": {
    "precision": 1.0,
    "recall": 1.0,
    "f1-score": 1.0,
    "support": 28,
    "confused_with": {}
  },
  "task": {
    "precision": 1.0,
    "recall": 0.9988649262202043,
    "f1-score": 0.9994321408290744,
    "support": 881,
    "confused_with": {}
  },
  "category": {
    "precision": 1.0,
    "recall": 1.0,
    "f1-score": 1.0,
    "support": 70,
    "confused_with": {}
  },
  "micro avg": {
    "precision": 0.9952339688041595,
    "recall": 0.9969618055555556,
    "f1-score": 0.9960971379011274,
    "support": 2304
  },
  "macro avg": {
    "precision": 0.9979323308270677,
    "recall": 0.9985841560833529,
    "f1-score": 0.9982572819116,
    "support": 2304
  },
  "weighted avg": {
    "precision": 0.9952436429615708,
    "recall": 0.9969618055555556,
    "f1-score": 0.9961005744806299,
    "support": 2304
  }
}