{
  "purpose": {
    "precision": 0.9866220735785953,
    "recall": 0.9866220735785953,
    "f1-score": 0.9866220735785953,
    "support": 299,
    "confused_with": {}
  },
  "task": {
    "precision": 1.0,
    "recall": 0.9935275080906149,
    "f1-score": 0.9967532467532468,
    "support": 618,
    "confused_with": {}
  },
  "PERSON": {
    "precision": 1.0,
    "recall": 1.0,
    "f1-score": 1.0,
    "support": 28,
    "confused_with": {}
  },
  "category": {
    "precision": 1.0,
    "recall": 1.0,
    "f1-score": 1.0,
    "support": 58,
    "confused_with": {}
  },
  "micro avg": {
    "precision": 0.995995995995996,
    "recall": 0.9920239282153539,
    "f1-score": 0.994005994005994,
    "support": 1003
  },
  "macro avg": {
    "precision": 0.9966555183946488,
    "recall": 0.9950373954173025,
    "f1-score": 0.9958438300829605,
    "support": 1003
  },
  "weighted avg": {
    "precision": 0.996011964107677,
    "recall": 0.9920239282153539,
    "f1-score": 0.9940114720772747,
    "support": 1003
  }
}