{
  "purpose": {
    "precision": 0.9845701689933872,
    "recall": 0.9970238095238095,
    "f1-score": 0.9907578558225508,
    "support": 1344,
    "confused_with": {}
  },
  "category": {
    "precision": 1.0,
    "recall": 1.0,
    "f1-score": 1.0,
    "support": 79,
    "confused_with": {}
  },
  "task": {
    "precision": 1.0,
    "recall": 0.9989130434782608,
    "f1-score": 0.9994562262098966,
    "support": 920,
    "confused_with": {}
  },
  "PERSON": {
    "precision": 1.0,
    "recall": 1.0,
    "f1-score": 1.0,
    "support": 33,
    "confused_with": {}
  },
  "micro avg": {
    "precision": 0.9912207357859532,
    "recall": 0.997895622895623,
    "f1-score": 0.9945469798657718,
    "support": 2376
  },
  "macro avg": {
    "precision": 0.9961425422483468,
    "recall": 0.9989842132505176,
    "f1-score": 0.9975535205081119,
    "support": 2376
  },
  "weighted avg": {
    "precision": 0.9912720147841384,
    "recall": 0.997895622895623,
    "f1-score": 0.9945615683243321,
    "support": 2376
  }
}